wind_speed_m_s,max_err_deg,mean_err_deg,max_raw_deg,max_rud_deg,sat_frac
5.0,14.96901952283973,6.910525324224898,5.166886741736951,5.222440665037629,0.0
